	CID	alt_count	VID	barcode	cluster	tSNE_1	tSNE_2	Gene_Counts
84	85	4.0	[10, 11, 12, 14]	AAGGTACACCTAATCCACCACTGT	5	0.28740311103944105	25.9333821317925	1854
184	185	6.0	[1, 8, 10, 11, 12, 17]	ACCTCCAAAACAACCAACGCTCGA	3	3.11086246599159	-2.21309449245149	4940
212	213	7.0	[4, 5, 6, 7, 10, 11, 12]	ACGTATCACCTCTATCACAGCAGA	4	-0.48335033065198296	11.3740250455518	3122
230	231	9.0	[3, 9, 10, 11, 12, 13, 14, 15, 16]	AGAGTCAACCAGTTCACATCAAGT	3	3.81226493957348	-1.1746430171740903	4164
915	916	5.0	[1, 2, 10, 11, 12]	TCTTCACAACAAGCTAACACAGAA	3	2.08704641843319	7.3407108588315495	3500
